model,val_mcc,val_accuracy,test_mcc,test_accuracy,macro_precision,macro_recall,macro_f1,weighted_precision,weighted_recall,weighted_f1
decision_tree_forest,0.7328701966681525,0.8210084033613445,0.7309228607179477,0.8191556395715186,0.74,0.78,0.75,0.83,0.82,0.82
knn,0.7431977955806747,0.8222689075630252,0.7479798154669032,0.8271371560596513,0.76,0.78,0.76,0.85,0.83,0.83
svm,0.7583671617081924,0.8392857142857143,0.7698531201761091,0.8489813064482251,0.76,0.79,0.77,0.85,0.85,0.85
cnn,0.7989435179966928,0.8691176470588236,0.7889807439732655,0.8641041797941609,0.8,0.8,0.8,0.86,0.86,0.86