mean_fit_time,std_fit_time,mean_score_time,std_score_time,param_knn__n_neighbors,params,split0_test_score,split1_test_score,split2_test_score,mean_test_score,std_test_score,rank_test_score,split0_train_score,split1_train_score,split2_train_score,mean_train_score,std_train_score
1.0600751241048176,0.08797921773433681,11.504340012868246,0.18396210065590646,1,{'knn__n_neighbors': 1},0.8639828386501864,0.8630929327397973,0.8754246433299009,0.8675001382399614,0.005615236345438039,1,1.0,1.0,0.9998750124984377,0.9999583374994793,5.8919673278850264e-05
1.1222871939341228,0.0854237373866023,11.247960964838663,0.4278258481829104,3,{'knn__n_neighbors': 3},0.8525968787807697,0.8529551309353977,0.856006487600186,0.8538528324387844,0.0015298712510638734,2,1.0,1.0,0.9998750124984377,0.9999583374994793,5.8919673278850264e-05
1.113368034362793,0.10382277220561355,11.08691414197286,0.31011889426033706,5,{'knn__n_neighbors': 5},0.8313766107440463,0.8381152677182253,0.8383566065440552,0.8359494950021089,0.003235018179798566,3,1.0,1.0,0.9998750124984377,0.9999583374994793,5.8919673278850264e-05
1.0484073956807454,0.11468467803877679,11.461181004842123,0.10926240242928152,7,{'knn__n_neighbors': 7},0.8187018030292855,0.8186203714349343,0.8274834559090252,0.8216018767910817,0.004159037345877974,4,1.0,1.0,0.9998750124984377,0.9999583374994793,5.8919673278850264e-05
0.6377736727396647,0.09632808869028224,5.53949499130249,0.1442808671143678,9,{'knn__n_neighbors': 9},0.8013351555336166,0.808635380182738,0.8087311627009082,0.8062338994724209,0.0034641557611416085,5,1.0,1.0,0.9998750124984377,0.9999583374994793,5.8919673278850264e-05
0.668269157409668,0.03450944133363938,5.152722756067912,0.1822756647587593,11,{'knn__n_neighbors': 11},0.792796869063858,0.7956931877995792,0.7961321903578777,0.7948740824071049,0.0014797054361303478,6,1.0,1.0,0.9998750124984377,0.9999583374994793,5.8919673278850264e-05
